{"StudyGroups":{"required":[],"required_only":false},"JavaOverloading":{"required":[],"required_only":false},"Trader":{"required":[],"required_only":false},"CandyMountain":{"required":[],"required_only":false},"phase0":{"required":[],"required_only":false},"Exceptions":{"required":[],"required_only":false},"WeeklyNotes":{"required":["07-Notes.pdf","08-Notes.pdf","01-Notes.pdf","02-Notes.pdf","03-Notes.pdf","04-Notes.pdf","05-Notes.pdf","06-Notes.pdf"],"required_only":false},"phase1":{"required":[],"required_only":false},"Reflections":{"required":["Reflection2.txt","Reflection1.txt"],"required_only":true},"phase2":{"required":[],"required_only":false}}